Classification Type,Training Time Seconds,Training Accuracy,Testing Accuracy,Precision no,Precision yes,F1 Score No,F2 Score Yes,Recall No,Recall Yes
KNN,1.5662317276000977,0.8972279563550575,0.8972279563550575,0.9176015168273028,0.6125827814569537,0.9433885640025991,0.44329073482428116,0.9706668895203076,0.34730913642052563
LogisticRegression,0.19878172874450684,0.8990710704806841,0.8990710704806841,0.9162542226412129,0.637125748502994,0.9445636768576635,0.43732018084669133,0.9746782550559919,0.33291614518147683
DecisionTreeClassifier,0.3650994300842285,0.873341197286936,0.873341197286936,0.9284997491219268,0.462640099626401,0.9281892660090286,0.4637952559300874,0.9278789904730068,0.46495619524405507
SVM,20.72582197189331,0.8921409613683279,0.8921409613683279,0.9008472635676666,0.6457883369330454,0.9416364144093828,0.2901504124211548,0.9862945010864115,0.18710888610763454
